kill_chain_stage,attack_tactic,technique_id,technique_name,covered,our_detection
1. Reconnaissance,reconnaissance,T1589.002,Gather Victim Identity Information: Email Addresses,no,
2. Weaponization,resource-development,T1588.002,Obtain Capabilities: Tool,no,
2. Weaponization,resource-development,T1583.001,Acquire Infrastructure: Domains,yes,"131 phishing domains in dataset/tycoon2fa_iocs.csv; RDAP: domains registered 3-6 weeks before use, Cloudflare DNS (enrichment_domain.csv)"
2. Weaponization,resource-development,T1608.005,Stage Capabilities: Link Target,no,
3. Delivery,initial-access,T1566.001,Phishing: Spearphishing Attachment,yes,229 phishing / 'check' URLs for e-mail gateway & proxy blocking; YARA Tycoon2FA_Landing_Page_Artifacts can scan HTML attachments
3. Delivery,initial-access,T1566.002,Phishing: Spearphishing Link,yes,229 phishing / 'check' URLs for e-mail gateway & proxy blocking; YARA Tycoon2FA_Landing_Page_Artifacts can scan HTML attachments
4. Exploitation,execution,T1204.001,User Execution: Malicious Link,yes,YARA Tycoon2FA_Invisible_Unicode_JS (6/6 tests passed); YARA Tycoon2FA_Landing_Page_Artifacts
4. Exploitation,execution,T1204.002,User Execution: Malicious File,yes,YARA Tycoon2FA_Invisible_Unicode_JS (6/6 tests passed); YARA Tycoon2FA_Landing_Page_Artifacts
4. Exploitation,defense-evasion,T1027,Obfuscated Files or Information,yes,YARA Tycoon2FA_Invisible_Unicode_JS (6/6 tests passed); YARA Tycoon2FA_Landing_Page_Artifacts
4. Exploitation,defense-evasion,T1497,Virtualization/Sandbox Evasion,no,
4. Exploitation,defense-evasion,T1656,Impersonation,no,
5. Installation,persistence,T1098.005,Account Manipulation: Device Registration,no,
6. Command & Control,credential-access,T1557,Adversary-in-the-Middle,yes,76 relay / egress IPs (IOC matching); Shodan fingerprint tcp/24442 + tcp/1050 to find new relay servers; YARA $ws string (new WebSocket)
6. Command & Control,command-and-control,T1071.001,Application Layer Protocol: Web Protocols,yes,76 relay / egress IPs (IOC matching); Shodan fingerprint tcp/24442 + tcp/1050 to find new relay servers; YARA $ws string (new WebSocket)
6. Command & Control,exfiltration,T1567,Exfiltration Over Web Service,no,
7. Actions on Objectives,credential-access,T1539,Steal Web Session Cookie,yes,Sigma tycoon2fa_axios_signin.yml (successful sign-in with axios UA); IOC match of sign-in IPs (hunt_signin_logs.py)
7. Actions on Objectives,defense-evasion,T1550.004,Use Alternate Authentication Material: Web Session Cookie,yes,Sigma tycoon2fa_axios_signin.yml (successful sign-in with axios UA); IOC match of sign-in IPs (hunt_signin_logs.py)
7. Actions on Objectives,initial-access,T1078.004,Valid Accounts: Cloud Accounts,yes,Sigma tycoon2fa_axios_signin.yml (successful sign-in with axios UA); IOC match of sign-in IPs (hunt_signin_logs.py)
7. Actions on Objectives,discovery,T1087.004,Account Discovery: Cloud Account,no,
7. Actions on Objectives,defense-evasion,T1564.008,Hide Artifacts: Email Hiding Rules,no,
7. Actions on Objectives,collection,T1114.002,Email Collection: Remote Email Collection,no,
7. Actions on Objectives,lateral-movement,T1534,Internal Spearphishing,no,
7. Actions on Objectives,impact,T1657,Financial Theft,no,
