registrar,domain,name_server
Domain Science Kutatasi Szolgaltato Kft.,fesxtmc.com,ns1.dns-redirect.com
Domain Science Kutatasi Szolgaltato Kft.,fesxtmc.com,ns2.dns-redirect.com
"Sav.com, LLC",shoupeatai.com,millie.ns.cloudflare.com
"Sav.com, LLC",shoupeatai.com,rodrigo.ns.cloudflare.com
"Sav.com, LLC",shailoyio.com,dane.ns.cloudflare.com
"Sav.com, LLC",shailoyio.com,kiki.ns.cloudflare.com
GMO Internet (Onamae.com),sistaidru.com,fiona.ns.cloudflare.com
GMO Internet (Onamae.com),sistaidru.com,hank.ns.cloudflare.com
Gname.com Pte. Ltd.,yljdimage.com,ivan.ns.cloudflare.com
Gname.com Pte. Ltd.,yljdimage.com,sasha.ns.cloudflare.com
"Name.com, Inc.",alnaharegypt.com,carter.ns.cloudflare.com
"Name.com, Inc.",alnaharegypt.com,lady.ns.cloudflare.com
